Date,ID,Price,Quantity,Category,State ID
26/10/2023,1,2.5,1,Food,CA_1
26/10/2023,2,2.5,1,Food,CA_2
27/10/2023,3,2.5,2,Food,CA_3
27/10/2023,4,2.5,2,Hobbies,TX_1
27/10/2023,5,2.5,2,Hobbies,TX_2
28/10/2023,6,3,3,Households,TX_3
29/10/2023,7,3,4,Households,WI_1
30/10/2023,8,3,5,Households,WI_2
26/10/2023,9,3.089285714,4.964285714,Food,WI_3
26/10/2023,10,3.178571429,5.511904762,Food,CA_4
27/10/2023,11,3.267857143,6.05952381,Food,CA_5
27/10/2023,12,3.357142857,6.607142857,Hobbies,CA_6
27/10/2023,13,3.446428571,7.154761905,Hobbies,TX_4
28/10/2023,14,3.535714286,7.702380952,Households,TX_5
29/10/2023,15,3.625,8.25,Households,TX_6
30/10/2023,16,3.714285714,8.797619048,Households,WI_4
26/10/2023,17,3.803571429,9.345238095,Food,WI_5
26/10/2023,18,3.892857143,9.892857143,Food,WI_6
27/10/2023,19,3.982142857,10.44047619,Food,CA_7
27/10/2023,20,4.071428571,10.98809524,Hobbies,CA_8
27/10/2023,21,4.160714286,11.53571429,Hobbies,CA_9
28/10/2023,22,4.25,12.08333333,Households,TX_7
29/10/2023,23,4.339285714,12.63095238,Households,TX_8
30/10/2023,24,4.428571429,13.17857143,Households,TX_9
26/10/2023,25,4.517857143,13.72619048,Food,WI_7
26/10/2023,26,4.607142857,14.27380952,Food,WI_8
26/10/2023,27,4.696428571,14.82142857,Food,WI_9
27/10/2023,28,4.785714286,15.36904762,Food,CA_10
27/10/2023,29,4.875,15.91666667,Hobbies,CA_11
27/10/2023,30,4.964285714,16.46428571,Hobbies,CA_12
28/10/2023,31,5.053571429,17.01190476,Households,TX_10
29/10/2023,32,5.142857143,17.55952381,Households,TX_11
30/10/2023,33,5.232142857,18.10714286,Households,TX_12
26/10/2023,34,5.321428571,18.6547619,Food,WI_10
26/10/2023,35,5.410714286,19.20238095,Food,WI_11
27/10/2023,36,5.5,19.75,Food,WI_12
27/10/2023,37,5.589285714,20.29761905,Hobbies,CA_13
27/10/2023,38,5.678571429,20.8452381,Hobbies,CA_14
28/10/2023,39,5.767857143,21.39285714,Households,CA_15
29/10/2023,40,5.857142857,21.94047619,Households,TX_13
30/10/2023,41,5.946428571,22.48809524,Households,TX_14
26/10/2023,42,6.035714286,23.03571429,Food,TX_15
26/10/2023,43,6.125,23.58333333,Food,WI_13
27/10/2023,44,6.214285714,24.13095238,Food,WI_14
27/10/2023,45,6.303571429,24.67857143,Hobbies,WI_15
27/10/2023,46,6.392857143,25.22619048,Hobbies,CA_16
28/10/2023,47,6.482142857,25.77380952,Households,CA_17
29/10/2023,48,6.571428571,26.32142857,Households,CA_18
30/10/2023,49,6.660714286,26.86904762,Households,TX_16
26/10/2023,50,6.75,27.41666667,Food,TX_17
26/10/2023,51,6.839285714,27.96428571,Food,TX_18
26/10/2023,52,6.928571429,28.51190476,Food,WI_16
27/10/2023,53,7.017857143,29.05952381,Food,WI_17
27/10/2023,54,7.107142857,29.60714286,Hobbies,WI_18
27/10/2023,55,7.196428571,30.1547619,Hobbies,CA_19
28/10/2023,56,7.285714286,30.70238095,Households,CA_20
29/10/2023,57,7.375,31.25,Households,CA_21
30/10/2023,58,7.464285714,31.79761905,Households,TX_19
26/10/2023,59,7.553571429,32.3452381,Food,TX_20
26/10/2023,60,7.642857143,32.89285714,Food,TX_21
27/10/2023,61,7.732142857,33.44047619,Food,WI_19
27/10/2023,62,7.821428571,33.98809524,Hobbies,WI_20
27/10/2023,63,7.910714286,34.53571429,Hobbies,WI_21
28/10/2023,64,8,35.08333333,Households,CA_22
29/10/2023,65,8.089285714,35.63095238,Households,CA_23
30/10/2023,66,8.178571429,36.17857143,Households,CA_24
26/10/2023,67,8.267857143,36.72619048,Food,TX_22
26/10/2023,68,8.357142857,37.27380952,Food,TX_23
27/10/2023,69,8.446428571,37.82142857,Food,TX_24
27/10/2023,70,8.535714286,38.36904762,Hobbies,WI_22
27/10/2023,71,8.625,38.91666667,Hobbies,WI_23
28/10/2023,72,8.714285714,39.46428571,Households,WI_24
29/10/2023,73,8.803571429,40.01190476,Households,CA_25
30/10/2023,74,8.892857143,40.55952381,Households,CA_26
26/10/2023,75,8.982142857,41.10714286,Food,CA_27
26/10/2023,76,9.071428571,41.6547619,Food,TX_25
26/10/2023,77,9.160714286,42.20238095,Food,TX_26
27/10/2023,78,9.25,42.75,Food,TX_27
27/10/2023,79,9.339285714,43.29761905,Hobbies,WI_25
27/10/2023,80,9.428571429,43.8452381,Hobbies,WI_26
28/10/2023,81,9.517857143,44.39285714,Households,WI_27
29/10/2023,82,9.607142857,44.94047619,Households,CA_28
30/10/2023,83,9.696428571,45.48809524,Households,CA_29
26/10/2023,84,9.785714286,46.03571429,Food,CA_30
26/10/2023,85,9.875,46.58333333,Food,TX_28
27/10/2023,86,9.964285714,47.13095238,Food,TX_29
27/10/2023,87,10.05357143,47.67857143,Hobbies,TX_30
27/10/2023,88,10.14285714,48.22619048,Hobbies,WI_28
28/10/2023,89,10.23214286,48.77380952,Households,WI_29
29/10/2023,90,10.32142857,49.32142857,Households,WI_30
30/10/2023,91,10.41071429,49.86904762,Households,CA_31
26/10/2023,92,10.5,50.41666667,Food,CA_32
26/10/2023,93,10.58928571,50.96428571,Food,CA_33
27/10/2023,94,10.67857143,51.51190476,Food,TX_31
27/10/2023,95,10.76785714,52.05952381,Hobbies,TX_32
27/10/2023,96,10.85714286,52.60714286,Hobbies,TX_33
28/10/2023,97,10.94642857,53.1547619,Households,WI_31
29/10/2023,98,11.03571429,53.70238095,Households,WI_32
30/10/2023,99,11.125,54.25,Households,WI_33
26/10/2023,100,11.21428571,54.79761905,Food,CA_34
26/10/2023,101,11.30357143,55.3452381,Food,CA_35
26/10/2023,102,11.39285714,55.89285714,Food,CA_36
27/10/2023,103,11.48214286,56.44047619,Food,TX_34
27/10/2023,104,11.57142857,56.98809524,Hobbies,TX_35
27/10/2023,105,11.66071429,57.53571429,Hobbies,TX_36
28/10/2023,106,11.75,58.08333333,Households,WI_34
29/10/2023,107,11.83928571,58.63095238,Households,WI_35
30/10/2023,108,11.92857143,59.17857143,Households,WI_36
26/10/2023,109,12.01785714,59.72619048,Food,CA_37
26/10/2023,110,12.10714286,60.27380952,Food,CA_38
27/10/2023,111,12.19642857,60.82142857,Food,CA_39
27/10/2023,112,12.28571429,61.36904762,Hobbies,TX_37
27/10/2023,113,12.375,61.91666667,Hobbies,TX_38
28/10/2023,114,12.46428571,62.46428571,Households,TX_39
29/10/2023,115,12.55357143,63.01190476,Households,WI_37
30/10/2023,116,12.64285714,63.55952381,Households,WI_38
26/10/2023,117,12.73214286,64.10714286,Food,WI_39
26/10/2023,118,12.82142857,64.6547619,Food,CA_40
27/10/2023,119,12.91071429,65.20238095,Food,CA_41
27/10/2023,120,13,65.75,Hobbies,CA_42
27/10/2023,121,13.08928571,66.29761905,Hobbies,TX_40
28/10/2023,122,13.17857143,66.8452381,Households,TX_41
29/10/2023,123,13.26785714,67.39285714,Households,TX_42
30/10/2023,124,13.35714286,67.94047619,Households,WI_40
26/10/2023,125,13.44642857,68.48809524,Food,WI_41
26/10/2023,126,13.53571429,69.03571429,Food,WI_42
26/10/2023,127,13.625,69.58333333,Food,CA_43
27/10/2023,128,13.71428571,70.13095238,Food,CA_44
27/10/2023,129,13.80357143,70.67857143,Hobbies,CA_45
27/10/2023,130,13.89285714,71.22619048,Hobbies,TX_43
28/10/2023,131,13.98214286,71.77380952,Households,TX_44
29/10/2023,132,14.07142857,72.32142857,Households,TX_45
30/10/2023,133,14.16071429,72.86904762,Households,WI_43
26/10/2023,134,14.25,73.41666667,Food,WI_44
26/10/2023,135,14.33928571,73.96428571,Food,WI_45
27/10/2023,136,14.42857143,74.51190476,Food,CA_46
27/10/2023,137,14.51785714,75.05952381,Hobbies,CA_47
27/10/2023,138,14.60714286,75.60714286,Hobbies,CA_48
28/10/2023,139,14.69642857,76.1547619,Households,TX_46
29/10/2023,140,14.78571429,76.70238095,Households,TX_47
30/10/2023,141,14.875,77.25,Households,TX_48
26/10/2023,142,14.96428571,77.79761905,Food,WI_46
26/10/2023,143,15.05357143,78.3452381,Food,WI_47
27/10/2023,144,15.14285714,78.89285714,Food,WI_48
27/10/2023,145,15.23214286,79.44047619,Hobbies,CA_49
27/10/2023,146,15.32142857,79.98809524,Hobbies,CA_50
28/10/2023,147,15.41071429,80.53571429,Households,CA_51
29/10/2023,148,15.5,81.08333333,Households,TX_49
30/10/2023,149,15.58928571,81.63095238,Households,TX_50
26/10/2023,150,15.67857143,82.17857143,Food,TX_51
26/10/2023,151,15.76785714,82.72619048,Food,WI_49
26/10/2023,152,15.85714286,83.27380952,Food,WI_50
27/10/2023,153,15.94642857,83.82142857,Food,WI_51
27/10/2023,154,16.03571429,84.36904762,Hobbies,CA_52
27/10/2023,155,16.125,84.91666667,Hobbies,CA_53
28/10/2023,156,16.21428571,85.46428571,Households,CA_54
29/10/2023,157,16.30357143,86.01190476,Households,TX_52
30/10/2023,158,16.39285714,86.55952381,Households,TX_53
26/10/2023,159,16.48214286,87.10714286,Food,TX_54
26/10/2023,160,16.57142857,87.6547619,Food,WI_52
27/10/2023,161,16.66071429,88.20238095,Food,WI_53
27/10/2023,162,16.75,88.75,Hobbies,WI_54
27/10/2023,163,16.83928571,89.29761905,Hobbies,CA_55
28/10/2023,164,16.92857143,89.8452381,Households,CA_56
29/10/2023,165,17.01785714,90.39285714,Households,CA_57
30/10/2023,166,17.10714286,90.94047619,Households,TX_55
26/10/2023,167,17.19642857,91.48809524,Food,TX_56
26/10/2023,168,17.28571429,92.03571429,Food,TX_57
27/10/2023,169,17.375,92.58333333,Food,WI_55
27/10/2023,170,17.46428571,93.13095238,Hobbies,WI_56
27/10/2023,171,17.55357143,93.67857143,Hobbies,WI_57
28/10/2023,172,17.64285714,94.22619048,Households,CA_58
29/10/2023,173,17.73214286,94.77380952,Households,CA_59
30/10/2023,174,17.82142857,95.32142857,Households,CA_60
26/10/2023,175,17.91071429,95.86904762,Food,TX_58
26/10/2023,176,18,96.41666667,Food,TX_59
26/10/2023,177,18.08928571,96.96428571,Food,TX_60
27/10/2023,178,18.17857143,97.51190476,Food,WI_58
27/10/2023,179,18.26785714,98.05952381,Hobbies,WI_59
27/10/2023,180,18.35714286,98.60714286,Hobbies,WI_60
28/10/2023,181,18.44642857,99.1547619,Households,CA_61
29/10/2023,182,18.53571429,99.70238095,Households,CA_62
30/10/2023,183,18.625,100.25,Households,CA_63
26/10/2023,184,18.71428571,100.797619,Food,TX_61
26/10/2023,185,18.80357143,101.3452381,Food,TX_62
27/10/2023,186,18.89285714,101.8928571,Food,TX_63
27/10/2023,187,18.98214286,102.4404762,Hobbies,WI_61
27/10/2023,188,19.07142857,102.9880952,Hobbies,WI_62
28/10/2023,189,19.16071429,103.5357143,Households,WI_63
29/10/2023,190,19.25,104.0833333,Households,CA_64
30/10/2023,191,19.33928571,104.6309524,Households,CA_65
26/10/2023,192,19.42857143,105.1785714,Food,CA_66
26/10/2023,193,19.51785714,105.7261905,Food,TX_64
27/10/2023,194,19.60714286,106.2738095,Food,TX_65
27/10/2023,195,19.69642857,106.8214286,Hobbies,TX_66
27/10/2023,196,19.78571429,107.3690476,Hobbies,WI_64
28/10/2023,197,19.875,107.9166667,Households,WI_65
29/10/2023,198,19.96428571,108.4642857,Households,WI_66
30/10/2023,199,20.05357143,109.0119048,Households,CA_67
26/10/2023,200,20.14285714,109.5595238,Food,CA_68
26/10/2023,201,20.23214286,110.1071429,Food,CA_69
26/10/2023,202,20.32142857,110.6547619,Food,TX_67
27/10/2023,203,20.41071429,111.202381,Food,TX_68
27/10/2023,204,20.5,111.75,Hobbies,TX_69
27/10/2023,205,20.58928571,112.297619,Hobbies,WI_67
28/10/2023,206,20.67857143,112.8452381,Households,WI_68
29/10/2023,207,20.76785714,113.3928571,Households,WI_69
30/10/2023,208,20.85714286,113.9404762,Households,CA_70
26/10/2023,209,20.94642857,114.4880952,Food,CA_71
26/10/2023,210,21.03571429,115.0357143,Food,CA_72
27/10/2023,211,21.125,115.5833333,Food,TX_70
27/10/2023,212,21.21428571,116.1309524,Hobbies,TX_71
27/10/2023,213,21.30357143,116.6785714,Hobbies,TX_72
28/10/2023,214,21.39285714,117.2261905,Households,WI_70
29/10/2023,215,21.48214286,117.7738095,Households,WI_71
30/10/2023,216,21.57142857,118.3214286,Households,WI_72
26/10/2023,217,21.66071429,118.8690476,Food,CA_73
26/10/2023,218,21.75,119.4166667,Food,CA_74
27/10/2023,219,21.83928571,119.9642857,Food,CA_75
27/10/2023,220,21.92857143,120.5119048,Hobbies,TX_73
27/10/2023,221,22.01785714,121.0595238,Hobbies,TX_74
28/10/2023,222,22.10714286,121.6071429,Households,TX_75
29/10/2023,223,22.19642857,122.1547619,Households,WI_73
30/10/2023,224,22.28571429,122.702381,Households,WI_74
26/10/2023,225,22.375,123.25,Food,WI_75
26/10/2023,226,22.46428571,123.797619,Food,CA_76
26/10/2023,227,22.55357143,124.3452381,Food,CA_77
27/10/2023,228,22.64285714,124.8928571,Food,CA_78
27/10/2023,229,22.73214286,125.4404762,Hobbies,TX_76
27/10/2023,230,22.82142857,125.9880952,Hobbies,TX_77
28/10/2023,231,22.91071429,126.5357143,Households,TX_78
29/10/2023,232,23,127.0833333,Households,WI_76
30/10/2023,233,23.08928571,127.6309524,Households,WI_77
26/10/2023,234,23.17857143,128.1785714,Food,WI_78
26/10/2023,235,23.26785714,128.7261905,Food,CA_79
27/10/2023,236,23.35714286,129.2738095,Food,CA_80
27/10/2023,237,23.44642857,129.8214286,Hobbies,CA_81
27/10/2023,238,23.53571429,130.3690476,Hobbies,TX_79
28/10/2023,239,23.625,130.9166667,Households,TX_80
29/10/2023,240,23.71428571,131.4642857,Households,TX_81
30/10/2023,241,23.80357143,132.0119048,Households,WI_79
26/10/2023,242,23.89285714,132.5595238,Food,WI_80
26/10/2023,243,23.98214286,133.1071429,Food,WI_81
27/10/2023,244,24.07142857,133.6547619,Food,CA_82
27/10/2023,245,24.16071429,134.202381,Hobbies,CA_83
27/10/2023,246,24.25,134.75,Hobbies,CA_84
28/10/2023,247,24.33928571,135.297619,Households,TX_82
29/10/2023,248,24.42857143,135.8452381,Households,TX_83
30/10/2023,249,24.51785714,136.3928571,Households,TX_84
26/10/2023,250,24.60714286,136.9404762,Food,WI_82
26/10/2023,251,24.69642857,137.4880952,Food,WI_83
26/10/2023,252,24.78571429,138.0357143,Food,WI_84
27/10/2023,253,24.875,138.5833333,Food,CA_85
27/10/2023,254,24.96428571,139.1309524,Hobbies,CA_86
27/10/2023,255,25.05357143,139.6785714,Hobbies,CA_87
28/10/2023,256,25.14285714,140.2261905,Households,TX_85
29/10/2023,257,25.23214286,140.7738095,Households,TX_86
30/10/2023,258,25.32142857,141.3214286,Households,TX_87
26/10/2023,259,25.41071429,141.8690476,Food,WI_85
26/10/2023,260,25.5,142.4166667,Food,WI_86
27/10/2023,261,25.58928571,142.9642857,Food,WI_87
27/10/2023,262,25.67857143,143.5119048,Hobbies,CA_88
27/10/2023,263,25.76785714,144.0595238,Hobbies,CA_89
28/10/2023,264,25.85714286,144.6071429,Households,CA_90
29/10/2023,265,25.94642857,145.1547619,Households,TX_88
30/10/2023,266,26.03571429,145.702381,Households,TX_89
26/10/2023,267,26.125,146.25,Food,TX_90
26/10/2023,268,26.21428571,146.797619,Food,WI_88
27/10/2023,269,26.30357143,147.3452381,Food,WI_89
27/10/2023,270,26.39285714,147.8928571,Hobbies,WI_90
27/10/2023,271,26.48214286,148.4404762,Hobbies,CA_91
28/10/2023,272,26.57142857,148.9880952,Households,CA_92
29/10/2023,273,26.66071429,149.5357143,Households,CA_93
30/10/2023,274,26.75,150.0833333,Households,TX_91
26/10/2023,275,26.83928571,150.6309524,Food,TX_92
26/10/2023,276,26.92857143,151.1785714,Food,TX_93
26/10/2023,277,27.01785714,151.7261905,Food,WI_91
27/10/2023,278,27.10714286,152.2738095,Food,WI_92
27/10/2023,279,27.19642857,152.8214286,Hobbies,WI_93
27/10/2023,280,27.28571429,153.3690476,Hobbies,CA_94
28/10/2023,281,27.375,153.9166667,Households,CA_95
29/10/2023,282,27.46428571,154.4642857,Households,CA_96
30/10/2023,283,27.55357143,155.0119048,Households,TX_94
26/10/2023,284,27.64285714,155.5595238,Food,TX_95
26/10/2023,285,27.73214286,156.1071429,Food,TX_96
27/10/2023,286,27.82142857,156.6547619,Food,WI_94
27/10/2023,287,27.91071429,157.202381,Hobbies,WI_95
27/10/2023,288,28,157.75,Hobbies,WI_96
28/10/2023,289,28.08928571,158.297619,Households,CA_97
29/10/2023,290,28.17857143,158.8452381,Households,CA_98
30/10/2023,291,28.26785714,159.3928571,Households,CA_99
26/10/2023,292,28.35714286,159.9404762,Food,TX_97
26/10/2023,293,28.44642857,160.4880952,Food,TX_98
27/10/2023,294,28.53571429,161.0357143,Food,TX_99
27/10/2023,295,28.625,161.5833333,Hobbies,WI_97
27/10/2023,296,28.71428571,162.1309524,Hobbies,WI_98
28/10/2023,297,28.80357143,162.6785714,Households,WI_99
29/10/2023,298,28.89285714,163.2261905,Households,CA_100
30/10/2023,299,28.98214286,163.7738095,Households,CA_101
26/10/2023,300,29.07142857,164.3214286,Food,CA_102
26/10/2023,301,29.16071429,164.8690476,Food,TX_100
26/10/2023,302,29.25,165.4166667,Food,TX_101
27/10/2023,303,29.33928571,165.9642857,Food,TX_102
27/10/2023,304,29.42857143,166.5119048,Hobbies,WI_100
27/10/2023,305,29.51785714,167.0595238,Hobbies,WI_101
28/10/2023,306,29.60714286,167.6071429,Households,WI_102
29/10/2023,307,29.69642857,168.1547619,Households,CA_103
30/10/2023,308,29.78571429,168.702381,Households,CA_104
26/10/2023,309,29.875,169.25,Food,CA_105
26/10/2023,310,29.96428571,169.797619,Food,TX_103
27/10/2023,311,30.05357143,170.3452381,Food,TX_104
27/10/2023,312,30.14285714,170.8928571,Hobbies,TX_105
27/10/2023,313,30.23214286,171.4404762,Hobbies,WI_103
28/10/2023,314,30.32142857,171.9880952,Households,WI_104
29/10/2023,315,30.41071429,172.5357143,Households,WI_105
30/10/2023,316,30.5,173.0833333,Households,CA_106
26/10/2023,317,30.58928571,173.6309524,Food,CA_107
26/10/2023,318,30.67857143,174.1785714,Food,CA_108
27/10/2023,319,30.76785714,174.7261905,Food,TX_106
27/10/2023,320,30.85714286,175.2738095,Hobbies,TX_107
27/10/2023,321,30.94642857,175.8214286,Hobbies,TX_108
28/10/2023,322,31.03571429,176.3690476,Households,WI_106
29/10/2023,323,31.125,176.9166667,Households,WI_107
30/10/2023,324,31.21428571,177.4642857,Households,WI_108
26/10/2023,325,31.30357143,178.0119048,Food,CA_109
26/10/2023,326,31.39285714,178.5595238,Food,CA_110
26/10/2023,327,31.48214286,179.1071429,Food,CA_111
27/10/2023,328,31.57142857,179.6547619,Food,TX_109
27/10/2023,329,31.66071429,180.202381,Hobbies,TX_110
27/10/2023,330,31.75,180.75,Hobbies,TX_111
28/10/2023,331,31.83928571,181.297619,Households,WI_109
29/10/2023,332,31.92857143,181.8452381,Households,WI_110
30/10/2023,333,32.01785714,182.3928571,Households,WI_111
26/10/2023,334,32.10714286,182.9404762,Food,CA_112
26/10/2023,335,32.19642857,183.4880952,Food,CA_113
27/10/2023,336,32.28571429,184.0357143,Food,CA_114
27/10/2023,337,32.375,184.5833333,Hobbies,TX_112
27/10/2023,338,32.46428571,185.1309524,Hobbies,TX_113
28/10/2023,339,32.55357143,185.6785714,Households,TX_114
29/10/2023,340,32.64285714,186.2261905,Households,WI_112
30/10/2023,341,32.73214286,186.7738095,Households,WI_113
26/10/2023,342,32.82142857,187.3214286,Food,WI_114
26/10/2023,343,32.91071429,187.8690476,Food,CA_115
27/10/2023,344,33,188.4166667,Food,CA_116
27/10/2023,345,33.08928571,188.9642857,Hobbies,CA_117
27/10/2023,346,33.17857143,189.5119048,Hobbies,TX_115
28/10/2023,347,33.26785714,190.0595238,Households,TX_116
29/10/2023,348,33.35714286,190.6071429,Households,TX_117
30/10/2023,349,33.44642857,191.1547619,Households,WI_115
26/10/2023,350,33.53571429,191.702381,Food,WI_116
26/10/2023,351,33.625,192.25,Food,WI_117
26/10/2023,352,33.71428571,192.797619,Food,CA_118
27/10/2023,353,33.80357143,193.3452381,Food,CA_119
27/10/2023,354,33.89285714,193.8928571,Hobbies,CA_120
27/10/2023,355,33.98214286,194.4404762,Hobbies,TX_118
28/10/2023,356,34.07142857,194.9880952,Households,TX_119
29/10/2023,357,34.16071429,195.5357143,Households,TX_120
30/10/2023,358,34.25,196.0833333,Households,WI_118
26/10/2023,359,34.33928571,196.6309524,Food,WI_119
26/10/2023,360,34.42857143,197.1785714,Food,WI_120
27/10/2023,361,34.51785714,197.7261905,Food,CA_121
27/10/2023,362,34.60714286,198.2738095,Hobbies,CA_122
27/10/2023,363,34.69642857,198.8214286,Hobbies,CA_123
28/10/2023,364,34.78571429,199.3690476,Households,TX_121
29/10/2023,365,34.875,199.9166667,Households,TX_122
30/10/2023,366,34.96428571,200.4642857,Households,TX_123
26/10/2023,367,35.05357143,201.0119048,Food,WI_121
26/10/2023,368,35.14285714,201.5595238,Food,WI_122
27/10/2023,369,35.23214286,202.1071429,Food,WI_123
27/10/2023,370,35.32142857,202.6547619,Hobbies,CA_124
27/10/2023,371,35.41071429,203.202381,Hobbies,CA_125
28/10/2023,372,35.5,203.75,Households,CA_126
29/10/2023,373,35.58928571,204.297619,Households,TX_124
30/10/2023,374,35.67857143,204.8452381,Households,TX_125
26/10/2023,375,35.76785714,205.3928571,Food,TX_126
26/10/2023,376,35.85714286,205.9404762,Food,WI_124
26/10/2023,377,35.94642857,206.4880952,Food,WI_125
27/10/2023,378,36.03571429,207.0357143,Food,WI_126
27/10/2023,379,36.125,207.5833333,Hobbies,CA_127
27/10/2023,380,36.21428571,208.1309524,Hobbies,CA_128
28/10/2023,381,36.30357143,208.6785714,Households,CA_129
29/10/2023,382,36.39285714,209.2261905,Households,TX_127
30/10/2023,383,36.48214286,209.7738095,Households,TX_128
26/10/2023,384,36.57142857,210.3214286,Food,TX_129
26/10/2023,385,36.66071429,210.8690476,Food,WI_127
27/10/2023,386,36.75,211.4166667,Food,WI_128
27/10/2023,387,36.83928571,211.9642857,Hobbies,WI_129
27/10/2023,388,36.92857143,212.5119048,Hobbies,CA_130
28/10/2023,389,37.01785714,213.0595238,Households,CA_131
29/10/2023,390,37.10714286,213.6071429,Households,CA_132
30/10/2023,391,37.19642857,214.1547619,Households,TX_130
26/10/2023,392,37.28571429,214.702381,Food,TX_131
26/10/2023,393,37.375,215.25,Food,TX_132
27/10/2023,394,37.46428571,215.797619,Food,WI_130
27/10/2023,395,37.55357143,216.3452381,Hobbies,WI_131
27/10/2023,396,37.64285714,216.8928571,Hobbies,WI_132
28/10/2023,397,37.73214286,217.4404762,Households,CA_133
29/10/2023,398,37.82142857,217.9880952,Households,CA_134
30/10/2023,399,37.91071429,218.5357143,Households,CA_135
26/10/2023,400,38,219.0833333,Food,TX_133
26/10/2023,401,38.08928571,219.6309524,Food,TX_134
26/10/2023,402,38.17857143,220.1785714,Food,TX_135
27/10/2023,403,38.26785714,220.7261905,Food,WI_133
27/10/2023,404,38.35714286,221.2738095,Hobbies,WI_134
27/10/2023,405,38.44642857,221.8214286,Hobbies,WI_135
28/10/2023,406,38.53571429,222.3690476,Households,CA_136
29/10/2023,407,38.625,222.9166667,Households,CA_137
30/10/2023,408,38.71428571,223.4642857,Households,CA_138
26/10/2023,409,38.80357143,224.0119048,Food,TX_136
26/10/2023,410,38.89285714,224.5595238,Food,TX_137
27/10/2023,411,38.98214286,225.1071429,Food,TX_138
27/10/2023,412,39.07142857,225.6547619,Hobbies,WI_136
27/10/2023,413,39.16071429,226.202381,Hobbies,WI_137
28/10/2023,414,39.25,226.75,Households,WI_138
29/10/2023,415,39.33928571,227.297619,Households,CA_139
30/10/2023,416,39.42857143,227.8452381,Households,CA_140
26/10/2023,417,39.51785714,228.3928571,Food,CA_141
26/10/2023,418,39.60714286,228.9404762,Food,TX_139
27/10/2023,419,39.69642857,229.4880952,Food,TX_140
27/10/2023,420,39.78571429,230.0357143,Hobbies,TX_141
27/10/2023,421,39.875,230.5833333,Hobbies,WI_139
28/10/2023,422,39.96428571,231.1309524,Households,WI_140
29/10/2023,423,40.05357143,231.6785714,Households,WI_141
30/10/2023,424,40.14285714,232.2261905,Households,CA_142
26/10/2023,425,40.23214286,232.7738095,Food,CA_143
26/10/2023,426,40.32142857,233.3214286,Food,CA_144
26/10/2023,427,40.41071429,233.8690476,Food,TX_142
27/10/2023,428,40.5,234.4166667,Food,TX_143
27/10/2023,429,40.58928571,234.9642857,Hobbies,TX_144
27/10/2023,430,40.67857143,235.5119048,Hobbies,WI_142
28/10/2023,431,40.76785714,236.0595238,Households,WI_143
29/10/2023,432,40.85714286,236.6071429,Households,WI_144
30/10/2023,433,40.94642857,237.1547619,Households,CA_145
26/10/2023,434,41.03571429,237.702381,Food,CA_146
26/10/2023,435,41.125,238.25,Food,CA_147
27/10/2023,436,41.21428571,238.797619,Food,TX_145
27/10/2023,437,41.30357143,239.3452381,Hobbies,TX_146
27/10/2023,438,41.39285714,239.8928571,Hobbies,TX_147
28/10/2023,439,41.48214286,240.4404762,Households,WI_145
29/10/2023,440,41.57142857,240.9880952,Households,WI_146
30/10/2023,441,41.66071429,241.5357143,Households,WI_147
26/10/2023,442,41.75,242.0833333,Food,CA_148
26/10/2023,443,41.83928571,242.6309524,Food,CA_149
27/10/2023,444,41.92857143,243.1785714,Food,CA_150
27/10/2023,445,42.01785714,243.7261905,Hobbies,TX_148
27/10/2023,446,42.10714286,244.2738095,Hobbies,TX_149
28/10/2023,447,42.19642857,244.8214286,Households,TX_150
29/10/2023,448,42.28571429,245.3690476,Households,WI_148
30/10/2023,449,42.375,245.9166667,Households,WI_149
26/10/2023,450,42.46428571,246.4642857,Food,WI_150
26/10/2023,451,42.55357143,247.0119048,Food,CA_151
26/10/2023,452,42.64285714,247.5595238,Food,CA_152
27/10/2023,453,42.73214286,248.1071429,Food,CA_153
27/10/2023,454,42.82142857,248.6547619,Hobbies,TX_151
27/10/2023,455,42.91071429,249.202381,Hobbies,TX_152
28/10/2023,456,43,249.75,Households,TX_153
29/10/2023,457,43.08928571,250.297619,Households,WI_151
30/10/2023,458,43.17857143,250.8452381,Households,WI_152
26/10/2023,459,43.26785714,251.3928571,Food,WI_153
26/10/2023,460,43.35714286,251.9404762,Food,CA_154
27/10/2023,461,43.44642857,252.4880952,Food,CA_155
27/10/2023,462,43.53571429,253.0357143,Hobbies,CA_156
27/10/2023,463,43.625,253.5833333,Hobbies,TX_154
28/10/2023,464,43.71428571,254.1309524,Households,TX_155
29/10/2023,465,43.80357143,254.6785714,Households,TX_156
30/10/2023,466,43.89285714,255.2261905,Households,WI_154
26/10/2023,467,43.98214286,255.7738095,Food,WI_155
26/10/2023,468,44.07142857,256.3214286,Food,WI_156
27/10/2023,469,44.16071429,256.8690476,Food,CA_157
27/10/2023,470,44.25,257.4166667,Hobbies,CA_158
27/10/2023,471,44.33928571,257.9642857,Hobbies,CA_159
28/10/2023,472,44.42857143,258.5119048,Households,TX_157
29/10/2023,473,44.51785714,259.0595238,Households,TX_158
30/10/2023,474,44.60714286,259.6071429,Households,TX_159
26/10/2023,475,44.69642857,260.1547619,Food,WI_157
26/10/2023,476,44.78571429,260.702381,Food,WI_158
26/10/2023,477,44.875,261.25,Food,WI_159
27/10/2023,478,44.96428571,261.797619,Food,CA_160
27/10/2023,479,45.05357143,262.3452381,Hobbies,CA_161
27/10/2023,480,45.14285714,262.8928571,Hobbies,CA_162
28/10/2023,481,45.23214286,263.4404762,Households,TX_160
29/10/2023,482,45.32142857,263.9880952,Households,TX_161
30/10/2023,483,45.41071429,264.5357143,Households,TX_162
26/10/2023,484,45.5,265.0833333,Food,WI_160
26/10/2023,485,45.58928571,265.6309524,Food,WI_161
27/10/2023,486,45.67857143,266.1785714,Food,WI_162
27/10/2023,487,45.76785714,266.7261905,Hobbies,CA_163
27/10/2023,488,45.85714286,267.2738095,Hobbies,CA_164
28/10/2023,489,45.94642857,267.8214286,Households,CA_165
29/10/2023,490,46.03571429,268.3690476,Households,TX_163
30/10/2023,491,46.125,268.9166667,Households,TX_164
26/10/2023,492,46.21428571,269.4642857,Food,TX_165
26/10/2023,493,46.30357143,270.0119048,Food,WI_163
27/10/2023,494,46.39285714,270.5595238,Food,WI_164
27/10/2023,495,46.48214286,271.1071429,Hobbies,WI_165
27/10/2023,496,46.57142857,271.6547619,Hobbies,CA_166
28/10/2023,497,46.66071429,272.202381,Households,CA_167
29/10/2023,498,46.75,272.75,Households,CA_168
30/10/2023,499,46.83928571,273.297619,Households,TX_166
26/10/2023,500,46.92857143,273.8452381,Food,TX_167
26/10/2023,501,47.01785714,274.3928571,Food,TX_168
26/10/2023,502,47.10714286,274.9404762,Food,WI_166
27/10/2023,503,47.19642857,275.4880952,Food,WI_167
27/10/2023,504,47.28571429,276.0357143,Hobbies,WI_168
27/10/2023,505,47.375,276.5833333,Hobbies,CA_169
28/10/2023,506,47.46428571,277.1309524,Households,CA_170
29/10/2023,507,47.55357143,277.6785714,Households,CA_171
30/10/2023,508,47.64285714,278.2261905,Households,TX_169
26/10/2023,509,47.73214286,278.7738095,Food,TX_170
26/10/2023,510,47.82142857,279.3214286,Food,TX_171
27/10/2023,511,47.91071429,279.8690476,Food,WI_169
27/10/2023,512,48,280.4166667,Hobbies,WI_170
27/10/2023,513,48.08928571,280.9642857,Hobbies,WI_171
28/10/2023,514,48.17857143,281.5119048,Households,CA_172
29/10/2023,515,48.26785714,282.0595238,Households,CA_173
30/10/2023,516,48.35714286,282.6071429,Households,CA_174
26/10/2023,517,48.44642857,283.1547619,Food,TX_172
26/10/2023,518,48.53571429,283.702381,Food,TX_173
27/10/2023,519,48.625,284.25,Food,TX_174
27/10/2023,520,48.71428571,284.797619,Hobbies,WI_172
27/10/2023,521,48.80357143,285.3452381,Hobbies,WI_173
28/10/2023,522,48.89285714,285.8928571,Households,WI_174
29/10/2023,523,48.98214286,286.4404762,Households,CA_175
30/10/2023,524,49.07142857,286.9880952,Households,CA_176
26/10/2023,525,49.16071429,287.5357143,Food,CA_177
26/10/2023,526,49.25,288.0833333,Food,TX_175
26/10/2023,527,49.33928571,288.6309524,Food,TX_176
27/10/2023,528,49.42857143,289.1785714,Food,TX_177
27/10/2023,529,49.51785714,289.7261905,Hobbies,WI_175
27/10/2023,530,49.60714286,290.2738095,Hobbies,WI_176
28/10/2023,531,49.69642857,290.8214286,Households,WI_177
29/10/2023,532,49.78571429,291.3690476,Households,CA_178
30/10/2023,533,49.875,291.9166667,Households,CA_179
26/10/2023,534,49.96428571,292.4642857,Food,CA_180
26/10/2023,535,50.05357143,293.0119048,Food,TX_178
27/10/2023,536,50.14285714,293.5595238,Food,TX_179
27/10/2023,537,50.23214286,294.1071429,Hobbies,TX_180
27/10/2023,538,50.32142857,294.6547619,Hobbies,WI_178
28/10/2023,539,50.41071429,295.202381,Households,WI_179
29/10/2023,540,50.5,295.75,Households,WI_180
30/10/2023,541,50.58928571,296.297619,Households,CA_181
26/10/2023,542,50.67857143,296.8452381,Food,CA_182
26/10/2023,543,50.76785714,297.3928571,Food,CA_183
27/10/2023,544,50.85714286,297.9404762,Food,TX_181
27/10/2023,545,50.94642857,298.4880952,Hobbies,TX_182
27/10/2023,546,51.03571429,299.0357143,Hobbies,TX_183
28/10/2023,547,51.125,299.5833333,Households,WI_181
29/10/2023,548,51.21428571,300.1309524,Households,WI_182
30/10/2023,549,51.30357143,300.6785714,Households,WI_183
26/10/2023,550,51.39285714,301.2261905,Food,CA_184
26/10/2023,551,51.48214286,301.7738095,Food,CA_185
26/10/2023,552,51.57142857,302.3214286,Food,CA_186
27/10/2023,553,51.66071429,302.8690476,Food,TX_184
27/10/2023,554,51.75,303.4166667,Hobbies,TX_185
27/10/2023,555,51.83928571,303.9642857,Hobbies,TX_186
28/10/2023,556,51.92857143,304.5119048,Households,WI_184
29/10/2023,557,52.01785714,305.0595238,Households,WI_185
30/10/2023,558,52.10714286,305.6071429,Households,WI_186
26/10/2023,559,52.19642857,306.1547619,Food,CA_187
26/10/2023,560,52.28571429,306.702381,Food,CA_188
27/10/2023,561,52.375,307.25,Food,CA_189
27/10/2023,562,52.46428571,307.797619,Hobbies,TX_187
27/10/2023,563,52.55357143,308.3452381,Hobbies,TX_188
28/10/2023,564,52.64285714,308.8928571,Households,TX_189
29/10/2023,565,52.73214286,309.4404762,Households,WI_187
30/10/2023,566,52.82142857,309.9880952,Households,WI_188
26/10/2023,567,52.91071429,310.5357143,Food,WI_189
26/10/2023,568,53,311.0833333,Food,CA_190
27/10/2023,569,53.08928571,311.6309524,Food,CA_191
27/10/2023,570,53.17857143,312.1785714,Hobbies,CA_192
27/10/2023,571,53.26785714,312.7261905,Hobbies,TX_190
28/10/2023,572,53.35714286,313.2738095,Households,TX_191
29/10/2023,573,53.44642857,313.8214286,Households,TX_192
30/10/2023,574,53.53571429,314.3690476,Households,WI_190
26/10/2023,575,53.625,314.9166667,Food,WI_191
26/10/2023,576,53.71428571,315.4642857,Food,WI_192
26/10/2023,577,53.80357143,316.0119048,Food,CA_193
27/10/2023,578,53.89285714,316.5595238,Food,CA_194
27/10/2023,579,53.98214286,317.1071429,Hobbies,CA_195
27/10/2023,580,54.07142857,317.6547619,Hobbies,TX_193
28/10/2023,581,54.16071429,318.202381,Households,TX_194
29/10/2023,582,54.25,318.75,Households,TX_195
30/10/2023,583,54.33928571,319.297619,Households,WI_193
26/10/2023,584,54.42857143,319.8452381,Food,WI_194
26/10/2023,585,54.51785714,320.3928571,Food,WI_195
27/10/2023,586,54.60714286,320.9404762,Food,CA_196
27/10/2023,587,54.69642857,321.4880952,Hobbies,CA_197
27/10/2023,588,54.78571429,322.0357143,Hobbies,CA_198
28/10/2023,589,54.875,322.5833333,Households,TX_196
29/10/2023,590,54.96428571,323.1309524,Households,TX_197
30/10/2023,591,55.05357143,323.6785714,Households,TX_198
26/10/2023,592,55.14285714,324.2261905,Food,WI_196
26/10/2023,593,55.23214286,324.7738095,Food,WI_197
27/10/2023,594,55.32142857,325.3214286,Food,WI_198
27/10/2023,595,55.41071429,325.8690476,Hobbies,CA_199
27/10/2023,596,55.5,326.4166667,Hobbies,CA_200
28/10/2023,597,55.58928571,326.9642857,Households,CA_201
29/10/2023,598,55.67857143,327.5119048,Households,TX_199
30/10/2023,599,55.76785714,328.0595238,Households,TX_200
26/10/2023,600,55.85714286,328.6071429,Food,TX_201
26/10/2023,601,55.94642857,329.1547619,Food,WI_199
26/10/2023,602,56.03571429,329.702381,Food,WI_200
27/10/2023,603,56.125,330.25,Food,WI_201
27/10/2023,604,56.21428571,330.797619,Hobbies,CA_202
27/10/2023,605,56.30357143,331.3452381,Hobbies,CA_203
28/10/2023,606,56.39285714,331.8928571,Households,CA_204
29/10/2023,607,56.48214286,332.4404762,Households,TX_202
30/10/2023,608,56.57142857,332.9880952,Households,TX_203
26/10/2023,609,56.66071429,333.5357143,Food,TX_204
26/10/2023,610,56.75,334.0833333,Food,WI_202
27/10/2023,611,56.83928571,334.6309524,Food,WI_203
27/10/2023,612,56.92857143,335.1785714,Hobbies,WI_204
27/10/2023,613,57.01785714,335.7261905,Hobbies,CA_205
28/10/2023,614,57.10714286,336.2738095,Households,CA_206
29/10/2023,615,57.19642857,336.8214286,Households,CA_207
30/10/2023,616,57.28571429,337.3690476,Households,TX_205
26/10/2023,617,57.375,337.9166667,Food,TX_206
26/10/2023,618,57.46428571,338.4642857,Food,TX_207
27/10/2023,619,57.55357143,339.0119048,Food,WI_205
27/10/2023,620,57.64285714,339.5595238,Hobbies,WI_206
27/10/2023,621,57.73214286,340.1071429,Hobbies,WI_207
28/10/2023,622,57.82142857,340.6547619,Households,CA_208
29/10/2023,623,57.91071429,341.202381,Households,CA_209
30/10/2023,624,58,341.75,Households,CA_210
26/10/2023,625,58.08928571,342.297619,Food,TX_208
26/10/2023,626,58.17857143,342.8452381,Food,TX_209
26/10/2023,627,58.26785714,343.3928571,Food,TX_210
27/10/2023,628,58.35714286,343.9404762,Food,WI_208
27/10/2023,629,58.44642857,344.4880952,Hobbies,WI_209
27/10/2023,630,58.53571429,345.0357143,Hobbies,WI_210
28/10/2023,631,58.625,345.5833333,Households,CA_211
29/10/2023,632,58.71428571,346.1309524,Households,CA_212
30/10/2023,633,58.80357143,346.6785714,Households,CA_213
26/10/2023,634,58.89285714,347.2261905,Food,TX_211
26/10/2023,635,58.98214286,347.7738095,Food,TX_212
27/10/2023,636,59.07142857,348.3214286,Food,TX_213
27/10/2023,637,59.16071429,348.8690476,Hobbies,WI_211
27/10/2023,638,59.25,349.4166667,Hobbies,WI_212
28/10/2023,639,59.33928571,349.9642857,Households,WI_213
29/10/2023,640,59.42857143,350.5119048,Households,CA_214
30/10/2023,641,59.51785714,351.0595238,Households,CA_215
26/10/2023,642,59.60714286,351.6071429,Food,CA_216
26/10/2023,643,59.69642857,352.1547619,Food,TX_214
27/10/2023,644,59.78571429,352.702381,Food,TX_215
27/10/2023,645,59.875,353.25,Hobbies,TX_216
27/10/2023,646,59.96428571,353.797619,Hobbies,WI_214
28/10/2023,647,60.05357143,354.3452381,Households,WI_215
29/10/2023,648,60.14285714,354.8928571,Households,WI_216
30/10/2023,649,60.23214286,355.4404762,Households,CA_217
26/10/2023,650,60.32142857,355.9880952,Food,CA_218
26/10/2023,651,60.41071429,356.5357143,Food,CA_219
26/10/2023,652,60.5,357.0833333,Food,TX_217
27/10/2023,653,60.58928571,357.6309524,Food,TX_218
27/10/2023,654,60.67857143,358.1785714,Hobbies,TX_219
27/10/2023,655,60.76785714,358.7261905,Hobbies,WI_217
28/10/2023,656,60.85714286,359.2738095,Households,WI_218
29/10/2023,657,60.94642857,359.8214286,Households,WI_219
30/10/2023,658,61.03571429,360.3690476,Households,CA_220
26/10/2023,659,61.125,360.9166667,Food,CA_221
26/10/2023,660,61.21428571,361.4642857,Food,CA_222
27/10/2023,661,61.30357143,362.0119048,Food,TX_220
27/10/2023,662,61.39285714,362.5595238,Hobbies,TX_221
27/10/2023,663,61.48214286,363.1071429,Hobbies,TX_222
28/10/2023,664,61.57142857,363.6547619,Households,WI_220
29/10/2023,665,61.66071429,364.202381,Households,WI_221
30/10/2023,666,61.75,364.75,Households,WI_222
26/10/2023,667,61.83928571,365.297619,Food,CA_223
26/10/2023,668,61.92857143,365.8452381,Food,CA_224
27/10/2023,669,62.01785714,366.3928571,Food,CA_225
27/10/2023,670,62.10714286,366.9404762,Hobbies,TX_223
27/10/2023,671,62.19642857,367.4880952,Hobbies,TX_224
28/10/2023,672,62.28571429,368.0357143,Households,TX_225
29/10/2023,673,62.375,368.5833333,Households,WI_223
30/10/2023,674,62.46428571,369.1309524,Households,WI_224
26/10/2023,675,62.55357143,369.6785714,Food,WI_225
26/10/2023,676,62.64285714,370.2261905,Food,CA_226
26/10/2023,677,62.73214286,370.7738095,Food,CA_227
27/10/2023,678,62.82142857,371.3214286,Food,CA_228
27/10/2023,679,62.91071429,371.8690476,Hobbies,TX_226
27/10/2023,680,63,372.4166667,Hobbies,TX_227
28/10/2023,681,63.08928571,372.9642857,Households,TX_228
29/10/2023,682,63.17857143,373.5119048,Households,WI_226
30/10/2023,683,63.26785714,374.0595238,Households,WI_227
26/10/2023,684,63.35714286,374.6071429,Food,WI_228
26/10/2023,685,63.44642857,375.1547619,Food,CA_229
27/10/2023,686,63.53571429,375.702381,Food,CA_230
27/10/2023,687,63.625,376.25,Hobbies,CA_231
27/10/2023,688,63.71428571,376.797619,Hobbies,TX_229
28/10/2023,689,63.80357143,377.3452381,Households,TX_230
29/10/2023,690,63.89285714,377.8928571,Households,TX_231
30/10/2023,691,63.98214286,378.4404762,Households,WI_229
26/10/2023,692,64.07142857,378.9880952,Food,WI_230
26/10/2023,693,64.16071429,379.5357143,Food,WI_231
27/10/2023,694,64.25,380.0833333,Food,CA_232
27/10/2023,695,64.33928571,380.6309524,Hobbies,CA_233
27/10/2023,696,64.42857143,381.1785714,Hobbies,CA_234
28/10/2023,697,64.51785714,381.7261905,Households,TX_232
29/10/2023,698,64.60714286,382.2738095,Households,TX_233
30/10/2023,699,64.69642857,382.8214286,Households,TX_234
26/10/2023,700,64.78571429,383.3690476,Food,WI_232
26/10/2023,701,64.875,383.9166667,Food,WI_233
26/10/2023,702,64.96428571,384.4642857,Food,WI_234
27/10/2023,703,65.05357143,385.0119048,Food,CA_235
27/10/2023,704,65.14285714,385.5595238,Hobbies,CA_236
27/10/2023,705,65.23214286,386.1071429,Hobbies,CA_237
28/10/2023,706,65.32142857,386.6547619,Households,TX_235
29/10/2023,707,65.41071429,387.202381,Households,TX_236
30/10/2023,708,65.5,387.75,Households,TX_237
26/10/2023,709,65.58928571,388.297619,Food,WI_235
26/10/2023,710,65.67857143,388.8452381,Food,WI_236
27/10/2023,711,65.76785714,389.3928571,Food,WI_237
27/10/2023,712,65.85714286,389.9404762,Hobbies,CA_238
27/10/2023,713,65.94642857,390.4880952,Hobbies,CA_239
28/10/2023,714,66.03571429,391.0357143,Households,CA_240
29/10/2023,715,66.125,391.5833333,Households,TX_238
30/10/2023,716,66.21428571,392.1309524,Households,TX_239
26/10/2023,717,66.30357143,392.6785714,Food,TX_240
26/10/2023,718,66.39285714,393.2261905,Food,WI_238
27/10/2023,719,66.48214286,393.7738095,Food,WI_239
27/10/2023,720,66.57142857,394.3214286,Hobbies,WI_240
27/10/2023,721,66.66071429,394.8690476,Hobbies,CA_241
28/10/2023,722,66.75,395.4166667,Households,CA_242
29/10/2023,723,66.83928571,395.9642857,Households,CA_243
30/10/2023,724,66.92857143,396.5119048,Households,TX_241
26/10/2023,725,67.01785714,397.0595238,Food,TX_242
26/10/2023,726,67.10714286,397.6071429,Food,TX_243
26/10/2023,727,67.19642857,398.1547619,Food,WI_241
27/10/2023,728,67.28571429,398.702381,Food,WI_242
27/10/2023,729,67.375,399.25,Hobbies,WI_243
27/10/2023,730,67.46428571,399.797619,Hobbies,CA_244
28/10/2023,731,67.55357143,400.3452381,Households,CA_245
29/10/2023,732,67.64285714,400.8928571,Households,CA_246
30/10/2023,733,67.73214286,401.4404762,Households,TX_244
26/10/2023,734,67.82142857,401.9880952,Food,TX_245
26/10/2023,735,67.91071429,402.5357143,Food,TX_246
27/10/2023,736,68,403.0833333,Food,WI_244
27/10/2023,737,68.08928571,403.6309524,Hobbies,WI_245
27/10/2023,738,68.17857143,404.1785714,Hobbies,WI_246
28/10/2023,739,68.26785714,404.7261905,Households,CA_247
29/10/2023,740,68.35714286,405.2738095,Households,CA_248
30/10/2023,741,68.44642857,405.8214286,Households,CA_249
26/10/2023,742,68.53571429,406.3690476,Food,TX_247
26/10/2023,743,68.625,406.9166667,Food,TX_248
27/10/2023,744,68.71428571,407.4642857,Food,TX_249
27/10/2023,745,68.80357143,408.0119048,Hobbies,WI_247
27/10/2023,746,68.89285714,408.5595238,Hobbies,WI_248
28/10/2023,747,68.98214286,409.1071429,Households,WI_249
29/10/2023,748,69.07142857,409.6547619,Households,CA_250
30/10/2023,749,69.16071429,410.202381,Households,CA_251
26/10/2023,750,69.25,410.75,Food,CA_252
26/10/2023,751,69.33928571,411.297619,Food,TX_250
26/10/2023,752,69.42857143,411.8452381,Food,TX_251
27/10/2023,753,69.51785714,412.3928571,Food,TX_252
27/10/2023,754,69.60714286,412.9404762,Hobbies,WI_250
27/10/2023,755,69.69642857,413.4880952,Hobbies,WI_251
28/10/2023,756,69.78571429,414.0357143,Households,WI_252
29/10/2023,757,69.875,414.5833333,Households,CA_253
30/10/2023,758,69.96428571,415.1309524,Households,CA_254
26/10/2023,759,70.05357143,415.6785714,Food,CA_255
26/10/2023,760,70.14285714,416.2261905,Food,TX_253
27/10/2023,761,70.23214286,416.7738095,Food,TX_254
27/10/2023,762,70.32142857,417.3214286,Hobbies,TX_255
27/10/2023,763,70.41071429,417.8690476,Hobbies,WI_253
28/10/2023,764,70.5,418.4166667,Households,WI_254
29/10/2023,765,70.58928571,418.9642857,Households,WI_255
30/10/2023,766,70.67857143,419.5119048,Households,CA_256
26/10/2023,767,70.76785714,420.0595238,Food,CA_257
26/10/2023,768,70.85714286,420.6071429,Food,CA_258
27/10/2023,769,70.94642857,421.1547619,Food,TX_256
27/10/2023,770,71.03571429,421.702381,Hobbies,TX_257
27/10/2023,771,71.125,422.25,Hobbies,TX_258
28/10/2023,772,71.21428571,422.797619,Households,WI_256
29/10/2023,773,71.30357143,423.3452381,Households,WI_257
30/10/2023,774,71.39285714,423.8928571,Households,WI_258
26/10/2023,775,71.48214286,424.4404762,Food,CA_259
26/10/2023,776,71.57142857,424.9880952,Food,CA_260
26/10/2023,777,71.66071429,425.5357143,Food,CA_261
27/10/2023,778,71.75,426.0833333,Food,TX_259
27/10/2023,779,71.83928571,426.6309524,Hobbies,TX_260
27/10/2023,780,71.92857143,427.1785714,Hobbies,TX_261
28/10/2023,781,72.01785714,427.7261905,Households,WI_259
29/10/2023,782,72.10714286,428.2738095,Households,WI_260
30/10/2023,783,72.19642857,428.8214286,Households,WI_261
26/10/2023,784,72.28571429,429.3690476,Food,CA_262
26/10/2023,785,72.375,429.9166667,Food,CA_263
27/10/2023,786,72.46428571,430.4642857,Food,CA_264
27/10/2023,787,72.55357143,431.0119048,Hobbies,TX_262
27/10/2023,788,72.64285714,431.5595238,Hobbies,TX_263
28/10/2023,789,72.73214286,432.1071429,Households,TX_264
29/10/2023,790,72.82142857,432.6547619,Households,WI_262
30/10/2023,791,72.91071429,433.202381,Households,WI_263
26/10/2023,792,73,433.75,Food,WI_264
26/10/2023,793,73.08928571,434.297619,Food,CA_265
27/10/2023,794,73.17857143,434.8452381,Food,CA_266
27/10/2023,795,73.26785714,435.3928571,Hobbies,CA_267
27/10/2023,796,73.35714286,435.9404762,Hobbies,TX_265
28/10/2023,797,73.44642857,436.4880952,Households,TX_266
29/10/2023,798,73.53571429,437.0357143,Households,TX_267
30/10/2023,799,73.625,437.5833333,Households,WI_265
26/10/2023,800,73.71428571,438.1309524,Food,WI_266
26/10/2023,801,73.80357143,438.6785714,Food,WI_267
26/10/2023,802,73.89285714,439.2261905,Food,CA_268
27/10/2023,803,73.98214286,439.7738095,Food,CA_269
27/10/2023,804,74.07142857,440.3214286,Hobbies,CA_270
27/10/2023,805,74.16071429,440.8690476,Hobbies,TX_268
28/10/2023,806,74.25,441.4166667,Households,TX_269
29/10/2023,807,74.33928571,441.9642857,Households,TX_270
30/10/2023,808,74.42857143,442.5119048,Households,WI_268
26/10/2023,809,74.51785714,443.0595238,Food,WI_269
26/10/2023,810,74.60714286,443.6071429,Food,WI_270
27/10/2023,811,74.69642857,444.1547619,Food,CA_271
27/10/2023,812,74.78571429,444.702381,Hobbies,CA_272
27/10/2023,813,74.875,445.25,Hobbies,CA_273
28/10/2023,814,74.96428571,445.797619,Households,TX_271
29/10/2023,815,75.05357143,446.3452381,Households,TX_272
30/10/2023,816,75.14285714,446.8928571,Households,TX_273
26/10/2023,817,75.23214286,447.4404762,Food,WI_271
26/10/2023,818,75.32142857,447.9880952,Food,WI_272
27/10/2023,819,75.41071429,448.5357143,Food,WI_273
27/10/2023,820,75.5,449.0833333,Hobbies,CA_274
27/10/2023,821,75.58928571,449.6309524,Hobbies,CA_275
28/10/2023,822,75.67857143,450.1785714,Households,CA_276
29/10/2023,823,75.76785714,450.7261905,Households,TX_274
30/10/2023,824,75.85714286,451.2738095,Households,TX_275
26/10/2023,825,75.94642857,451.8214286,Food,TX_276
26/10/2023,826,76.03571429,452.3690476,Food,WI_274
26/10/2023,827,76.125,452.9166667,Food,WI_275
27/10/2023,828,76.21428571,453.4642857,Food,WI_276
27/10/2023,829,76.30357143,454.0119048,Hobbies,CA_277
27/10/2023,830,76.39285714,454.5595238,Hobbies,CA_278
28/10/2023,831,76.48214286,455.1071429,Households,CA_279
29/10/2023,832,76.57142857,455.6547619,Households,TX_277
30/10/2023,833,76.66071429,456.202381,Households,TX_278
26/10/2023,834,76.75,456.75,Food,TX_279
26/10/2023,835,76.83928571,457.297619,Food,WI_277
27/10/2023,836,76.92857143,457.8452381,Food,WI_278
27/10/2023,837,77.01785714,458.3928571,Hobbies,WI_279
27/10/2023,838,77.10714286,458.9404762,Hobbies,CA_280
28/10/2023,839,77.19642857,459.4880952,Households,CA_281
29/10/2023,840,77.28571429,460.0357143,Households,CA_282
30/10/2023,841,77.375,460.5833333,Households,TX_280
26/10/2023,842,77.46428571,461.1309524,Food,TX_281
26/10/2023,843,77.55357143,461.6785714,Food,TX_282
27/10/2023,844,77.64285714,462.2261905,Food,WI_280
27/10/2023,845,77.73214286,462.7738095,Hobbies,WI_281
27/10/2023,846,77.82142857,463.3214286,Hobbies,WI_282
28/10/2023,847,77.91071429,463.8690476,Households,CA_283
29/10/2023,848,78,464.4166667,Households,CA_284
30/10/2023,849,78.08928571,464.9642857,Households,CA_285
26/10/2023,850,78.17857143,465.5119048,Food,TX_283
26/10/2023,851,78.26785714,466.0595238,Food,TX_284
26/10/2023,852,78.35714286,466.6071429,Food,TX_285
27/10/2023,853,78.44642857,467.1547619,Food,WI_283
27/10/2023,854,78.53571429,467.702381,Hobbies,WI_284
27/10/2023,855,78.625,468.25,Hobbies,WI_285
28/10/2023,856,78.71428571,468.797619,Households,CA_286
29/10/2023,857,78.80357143,469.3452381,Households,CA_287
30/10/2023,858,78.89285714,469.8928571,Households,CA_288
26/10/2023,859,78.98214286,470.4404762,Food,TX_286
26/10/2023,860,79.07142857,470.9880952,Food,TX_287
27/10/2023,861,79.16071429,471.5357143,Food,TX_288
27/10/2023,862,79.25,472.0833333,Hobbies,WI_286
27/10/2023,863,79.33928571,472.6309524,Hobbies,WI_287
28/10/2023,864,79.42857143,473.1785714,Households,WI_288
29/10/2023,865,79.51785714,473.7261905,Households,CA_289
30/10/2023,866,79.60714286,474.2738095,Households,CA_290
26/10/2023,867,79.69642857,474.8214286,Food,CA_291
26/10/2023,868,79.78571429,475.3690476,Food,TX_289
27/10/2023,869,79.875,475.9166667,Food,TX_290
27/10/2023,870,79.96428571,476.4642857,Hobbies,TX_291
27/10/2023,871,80.05357143,477.0119048,Hobbies,WI_289
28/10/2023,872,80.14285714,477.5595238,Households,WI_290
29/10/2023,873,80.23214286,478.1071429,Households,WI_291
30/10/2023,874,80.32142857,478.6547619,Households,CA_292
26/10/2023,875,80.41071429,479.202381,Food,CA_293
26/10/2023,876,80.5,479.75,Food,CA_294
26/10/2023,877,80.58928571,480.297619,Food,TX_292
27/10/2023,878,80.67857143,480.8452381,Food,TX_293
27/10/2023,879,80.76785714,481.3928571,Hobbies,TX_294
27/10/2023,880,80.85714286,481.9404762,Hobbies,WI_292
28/10/2023,881,80.94642857,482.4880952,Households,WI_293
29/10/2023,882,81.03571429,483.0357143,Households,WI_294
30/10/2023,883,81.125,483.5833333,Households,CA_295
26/10/2023,884,81.21428571,484.1309524,Food,CA_296
26/10/2023,885,81.30357143,484.6785714,Food,CA_297
27/10/2023,886,81.39285714,485.2261905,Food,TX_295
27/10/2023,887,81.48214286,485.7738095,Hobbies,TX_296
27/10/2023,888,81.57142857,486.3214286,Hobbies,TX_297
28/10/2023,889,81.66071429,486.8690476,Households,WI_295
29/10/2023,890,81.75,487.4166667,Households,WI_296
30/10/2023,891,81.83928571,487.9642857,Households,WI_297
26/10/2023,892,81.92857143,488.5119048,Food,CA_298
26/10/2023,893,82.01785714,489.0595238,Food,CA_299
27/10/2023,894,82.10714286,489.6071429,Food,CA_300
27/10/2023,895,82.19642857,490.1547619,Hobbies,TX_298
27/10/2023,896,82.28571429,490.702381,Hobbies,TX_299
28/10/2023,897,82.375,491.25,Households,TX_300
29/10/2023,898,82.46428571,491.797619,Households,WI_298
30/10/2023,899,82.55357143,492.3452381,Households,WI_299
26/10/2023,900,82.64285714,492.8928571,Food,WI_300
26/10/2023,901,82.73214286,493.4404762,Food,CA_301
26/10/2023,902,82.82142857,493.9880952,Food,CA_302
27/10/2023,903,82.91071429,494.5357143,Food,CA_303
27/10/2023,904,83,495.0833333,Hobbies,TX_301
27/10/2023,905,83.08928571,495.6309524,Hobbies,TX_302
28/10/2023,906,83.17857143,496.1785714,Households,TX_303
29/10/2023,907,83.26785714,496.7261905,Households,WI_301
30/10/2023,908,83.35714286,497.2738095,Households,WI_302
26/10/2023,909,83.44642857,497.8214286,Food,WI_303
26/10/2023,910,83.53571429,498.3690476,Food,CA_304
27/10/2023,911,83.625,498.9166667,Food,CA_305
27/10/2023,912,83.71428571,499.4642857,Hobbies,CA_306
27/10/2023,913,83.80357143,500.0119048,Hobbies,TX_304
28/10/2023,914,83.89285714,500.5595238,Households,TX_305
29/10/2023,915,83.98214286,501.1071429,Households,TX_306
30/10/2023,916,84.07142857,501.6547619,Households,WI_304
26/10/2023,917,84.16071429,502.202381,Food,WI_305
26/10/2023,918,84.25,502.75,Food,WI_306
27/10/2023,919,84.33928571,503.297619,Food,CA_307
27/10/2023,920,84.42857143,503.8452381,Hobbies,CA_308
27/10/2023,921,84.51785714,504.3928571,Hobbies,CA_309
28/10/2023,922,84.60714286,504.9404762,Households,TX_307
29/10/2023,923,84.69642857,505.4880952,Households,TX_308
30/10/2023,924,84.78571429,506.0357143,Households,TX_309
26/10/2023,925,84.875,506.5833333,Food,WI_307
26/10/2023,926,84.96428571,507.1309524,Food,WI_308
26/10/2023,927,85.05357143,507.6785714,Food,WI_309
27/10/2023,928,85.14285714,508.2261905,Food,CA_310
27/10/2023,929,85.23214286,508.7738095,Hobbies,CA_311
27/10/2023,930,85.32142857,509.3214286,Hobbies,CA_312
28/10/2023,931,85.41071429,509.8690476,Households,TX_310
29/10/2023,932,85.5,510.4166667,Households,TX_311
30/10/2023,933,85.58928571,510.9642857,Households,TX_312
26/10/2023,934,85.67857143,511.5119048,Food,WI_310
26/10/2023,935,85.76785714,512.0595238,Food,WI_311
27/10/2023,936,85.85714286,512.6071429,Food,WI_312
27/10/2023,937,85.94642857,513.1547619,Hobbies,CA_313
27/10/2023,938,86.03571429,513.702381,Hobbies,CA_314
28/10/2023,939,86.125,514.25,Households,CA_315
29/10/2023,940,86.21428571,514.797619,Households,TX_313
30/10/2023,941,86.30357143,515.3452381,Households,TX_314
26/10/2023,942,86.39285714,515.8928571,Food,TX_315
26/10/2023,943,86.48214286,516.4404762,Food,WI_313
27/10/2023,944,86.57142857,516.9880952,Food,WI_314
27/10/2023,945,86.66071429,517.5357143,Hobbies,WI_315
27/10/2023,946,86.75,518.0833333,Hobbies,CA_316
28/10/2023,947,86.83928571,518.6309524,Households,CA_317
29/10/2023,948,86.92857143,519.1785714,Households,CA_318
30/10/2023,949,87.01785714,519.7261905,Households,TX_316
26/10/2023,950,87.10714286,520.2738095,Food,TX_317
26/10/2023,951,87.19642857,520.8214286,Food,TX_318
26/10/2023,952,87.28571429,521.3690476,Food,WI_316
27/10/2023,953,87.375,521.9166667,Food,WI_317
27/10/2023,954,87.46428571,522.4642857,Hobbies,WI_318
27/10/2023,955,87.55357143,523.0119048,Hobbies,CA_319
28/10/2023,956,87.64285714,523.5595238,Households,CA_320
29/10/2023,957,87.73214286,524.1071429,Households,CA_321
30/10/2023,958,87.82142857,524.6547619,Households,TX_319
26/10/2023,959,87.91071429,525.202381,Food,TX_320
26/10/2023,960,88,525.75,Food,TX_321
27/10/2023,961,88.08928571,526.297619,Food,WI_319
27/10/2023,962,88.17857143,526.8452381,Hobbies,WI_320
27/10/2023,963,88.26785714,527.3928571,Hobbies,WI_321
28/10/2023,964,88.35714286,527.9404762,Households,CA_322
29/10/2023,965,88.44642857,528.4880952,Households,CA_323
30/10/2023,966,88.53571429,529.0357143,Households,CA_324
26/10/2023,967,88.625,529.5833333,Food,TX_322
26/10/2023,968,88.71428571,530.1309524,Food,TX_323
27/10/2023,969,88.80357143,530.6785714,Food,TX_324
27/10/2023,970,88.89285714,531.2261905,Hobbies,WI_322
27/10/2023,971,88.98214286,531.7738095,Hobbies,WI_323
28/10/2023,972,89.07142857,532.3214286,Households,WI_324
29/10/2023,973,89.16071429,532.8690476,Households,CA_325
30/10/2023,974,89.25,533.4166667,Households,CA_326
26/10/2023,975,89.33928571,533.9642857,Food,CA_327
26/10/2023,976,89.42857143,534.5119048,Food,TX_325
26/10/2023,977,89.51785714,535.0595238,Food,TX_326
27/10/2023,978,89.60714286,535.6071429,Food,TX_327
27/10/2023,979,89.69642857,536.1547619,Hobbies,WI_325
27/10/2023,980,89.78571429,536.702381,Hobbies,WI_326
28/10/2023,981,89.875,537.25,Households,WI_327
29/10/2023,982,89.96428571,537.797619,Households,CA_328
30/10/2023,983,90.05357143,538.3452381,Households,CA_329
26/10/2023,984,90.14285714,538.8928571,Food,CA_330
26/10/2023,985,90.23214286,539.4404762,Food,TX_328
27/10/2023,986,90.32142857,539.9880952,Food,TX_329
27/10/2023,987,90.41071429,540.5357143,Hobbies,TX_330
27/10/2023,988,90.5,541.0833333,Hobbies,WI_328
28/10/2023,989,90.58928571,541.6309524,Households,WI_329
29/10/2023,990,90.67857143,542.1785714,Households,WI_330
30/10/2023,991,90.76785714,542.7261905,Households,CA_331
26/10/2023,992,90.85714286,543.2738095,Food,CA_332
26/10/2023,993,90.94642857,543.8214286,Food,CA_333
27/10/2023,994,91.03571429,544.3690476,Food,TX_331
27/10/2023,995,91.125,544.9166667,Hobbies,TX_332
27/10/2023,996,91.21428571,545.4642857,Hobbies,TX_333
28/10/2023,997,91.30357143,546.0119048,Households,WI_331
29/10/2023,998,91.39285714,546.5595238,Households,WI_332
30/10/2023,999,91.48214286,547.1071429,Households,WI_333
26/10/2023,1000,91.57142857,547.6547619,Food,CA_334
26/10/2023,1001,91.66071429,548.202381,Food,CA_335
26/10/2023,1002,91.75,548.75,Food,CA_336
27/10/2023,1003,91.83928571,549.297619,Food,TX_334
27/10/2023,1004,91.92857143,549.8452381,Hobbies,TX_335
27/10/2023,1005,92.01785714,550.3928571,Hobbies,TX_336
28/10/2023,1006,92.10714286,550.9404762,Households,WI_334
29/10/2023,1007,92.19642857,551.4880952,Households,WI_335
30/10/2023,1008,92.28571429,552.0357143,Households,WI_336
26/10/2023,1009,92.375,552.5833333,Food,CA_337
26/10/2023,1010,92.46428571,553.1309524,Food,CA_338
27/10/2023,1011,92.55357143,553.6785714,Food,CA_339
27/10/2023,1012,92.64285714,554.2261905,Hobbies,TX_337
27/10/2023,1013,92.73214286,554.7738095,Hobbies,TX_338
28/10/2023,1014,92.82142857,555.3214286,Households,TX_339
29/10/2023,1015,92.91071429,555.8690476,Households,WI_337
30/10/2023,1016,93,556.4166667,Households,WI_338
